Id,Name,Surname,Email,Phone
1,John,Doe,john.doe@example.com,123-456-7890
2,Jane,Smith,jane.smith@example.com,234-567-8901
3,Michael,Johnson,michael.johnson@example.com,345-678-9012
4,Emily,Brown,emily.brown@example.com,456-789-0123
5,William,Taylor,william.taylor@example.com,567-890-1234
6,Olivia,Anderson,olivia.anderson@example.com,678-901-2345
7,James,Thomas,james.thomas@example.com,789-012-3456
8,Sophia,Wilson,sophia.wilson@example.com,890-123-4567
9,Alexander,Martinez,alexander.martinez@example.com,901-234-5678
10,Isabella,Garcia,isabella.garcia@example.com,012-345-6789
11,Ethan,Lopez,ethan.lopez@example.com,123-456-7890
12,Mia,Hernandez,mia.hernandez@example.com,234-567-8901
13,Emma,Young,emma.young@example.com,345-678-9012
14,Daniel,King,daniel.king@example.com,456-789-0123
15,Lucas,Lee,lucas.lee@example.com,567-890-1234
16,Charlotte,Clark,charlotte.clark@example.com,678-901-2345
17,Jackson,Scott,jackson.scott@example.com,789-012-3456
18,Ava,Green,ava.green@example.com,890-123-4567
19,Logan,Hall,logan.hall@example.com,901-234-5678
20,Amelia,Adams,amelia.adams@example.com,012-345-6789
21,Liam,Baker,liam.baker@example.com,123-456-7890
22,Harper,Evans,harper.evans@example.com,234-567-8901
23,Benjamin,White,benjamin.white@example.com,345-678-9012
24,Evelyn,Turner,evelyn.turner@example.com,456-789-0123
25,Noah,Walker,noah.walker@example.com,567-890-1234
26,Lily,Allen,lily.allen@example.com,678-901-2345
27,Chloe,Young,chloe.young@example.com,789-012-3456
28,Carter,Harris,carter.harris@example.com,890-123-4567
29,Lucas,Martin,lucas.martin@example.com,901-234-5678
30,Grace,Thompson,grace.thompson@example.com,012-345-6789
31,Jayden,Clark,jayden.clark@example.com,123-456-7890
32,Penelope,Baker,penelope.baker@example.com,234-567-8901
33,Gabriel,Stewart,gabriel.stewart@example.com,345-678-9012
34,Zoey,Cook,zoey.cook@example.com,456-789-0123
35,Ryan,Murphy,ryan.murphy@example.com,567-890-1234
36,Nora,Roberts,nora.roberts@example.com,678-901-2345
37,Isaac,Hill,isaac.hill@example.com,789-012-3456
38,Madison,Cooper,madison.cooper@example.com,890-123-4567
39,Samuel,Rogers,samuel.rogers@example.com,901-234-5678
40,Avery,Ward,avery.ward@example.com,012-345-6789
41,Matthew,Phillips,matthew.phillips@example.com,123-456-7890
42,Abigail,Gonzalez,abigail.gonzalez@example.com,234-567-8901
43,David,Edwards,david.edwards@example.com,345-678-9012
44,Scarlett,Morris,scarlett.morris@example.com,456-789-0123
45,Dylan,Harrison,dylan.harrison@example.com,567-890-1234
46,Victoria,James,victoria.james@example.com,678-901-2345
47,Elijah,Price,elijah.price@example.com,789-012-3456
48,Leah,Flores,leah.flores@example.com,890-123-4567
49,Nathan,Long,nathan.long@example.com,901-234-5678
50,Aria,Russell,aria.russell@example.com,012-345-6789
51,Josiah,Fisher,josiah.fisher@example.com,123-456-7890
52,Hannah,Richardson,hannah.richardson@example.com,234-567-8901
53,Joseph,Howard,joseph.howard@example.com,345-678-9012
54,Emma,Ward,emma.ward@example.com,456-789-0123
55,Christopher,Gray,christopher.gray@example.com,567-890-1234
56,Samantha,Scott,samantha.scott@example.com,678-901-2345
57,Andrew,Ramirez,andrew.ramirez@example.com,789-012-3456
58,Zoe,Anderson,zoe.anderson@example.com,890-123-4567
59,Eli,Mitchell,eli.mitchell@example.com,901-234-5678
60,Aubrey,Morgan,aubrey.morgan@example.com,012-345-6789
61,Joshua,Kelly,joshua.kelly@example.com,123-456-7890
62,Stella,King,stella.king@example.com,234-567-8901
63,Jonathan,Bell,jonathan.bell@example.com,345-678-9012
64,Paisley,Bailey,paisley.bailey@example.com,456-789-0123
65,Caleb,Carter,caleb.carter@example.com,567-890-1234
66,Allison,Rivera,allison.rivera@example.com,678-901-2345
67,Lincoln,Cooper,lincoln.cooper@example.com,789-012-3456
68,Nova,Cole,nova.cole@example.com,890-123-4567
69,Jack,Murray,jack.murray@example.com,901-234-5678
70,Aurora,Washington,aurora.washington@example.com,012-345-6789
71,Adrian,Allen,adrian.allen@example.com,123-456-7890
72,Elizabeth,Jenkins,elizabeth.jenkins@example.com,234-567-8901
73,Hunter,Howard,hunter.howard@example.com,345-678-901
74,Bella,Brooks,bella.brooks@example.com,456-789-0123
75,Julian,Price,julian.price@example.com,567-890-1234
76,Ellie,Watson,ellie.watson@example.com,678-901-2345
77,Grayson,Young,grayson.young@example.com,789-012-3456
78,Madelyn,Wood,madelyn.wood@example.com,890-123-4567
79,Leo,Stewart,leo.stewart@example.com,901-234-5678
80,Skylar,Hughes,skylar.hughes@example.com,012-345-6789
81,Thomas,Myers,thomas.myers@example.com,123-456-7890
82,Camila,Cruz,camila.cruz@example.com,234-567-8901
83,Jeremiah,Morales,jeremiah.morales@example.com,345-678-9012
84,Lydia,Flores,lydia.flores@example.com,456-789-0123
85,Adam,Gutierrez,adam.gutierrez@example.com,567-890-1234
86,Madeline,Simmons,madeline.simmons@example.com,678-901-2345
87,Jordan,Alexander,jordan.alexander@example.com,789-012-3456
88,Elena,Gibson,elena.gibson@example.com,890-123-4567
89,Sebastian,Gardner,sebastian.gardner@example.com,901-234-5678
90,Caroline,Chavez,caroline.chavez@example.com,012-345-6789
91,Julian,Lawrence,julian.lawrence@example.com,123-456-7890
92,Brianna,Fuller,brianna.fuller@example.com,234-567-8901
93,Xavier,Stephens,xavier.stephens@example.com,345-678-9012
94,Clara,Webb,clara.webb@example.com,456-789-0123
95,Nicholas,Banks,nicholas.banks@example.com,567-890-1234
96,Khloe,Gordon,khloe.gordon@example.com,678-901-2345
97,Blake,Wagner,blake.wagner@example.com,789-012-3456
98,Lillian,Fletcher,lillian.fletcher@example.com,890-123-4567
99,Colton,Castillo,colton.castillo@example.com,901-234-5678
100,Hailey,Henry,hailey.henry@example.com,012-345-6789
101,Justin,Perkins,justin.perkins@example.com,123-456-7890
102,Serenity,Carroll,serenity.carroll@example.com,234-567-8901
103,Jaxon,Holloway,jaxon.holloway@example.com,345-678-9012
104,Eva,Perkins,eva.perkins@example.com,456-789-0123
105,Maxwell,Guzman,maxwell.guzman@example.com,567-890-1234
106,Reagan,Fleming,reagan.fleming@example.com,678-901-2345
107,Tyler,Mendez,tyler.mendez@example.com,789-012-3456
108,Makayla,Davidson,makayla.davidson@example.com,890-123-4567
109,Tristan,Hooper,tristan.hooper@example.com,901-234-5678
110,Gianna,Keller,gianna.keller@example.com,012-345-6789
111,Brandon,Contreras,brandon.contreras@example.com,123-456-7890
112,Savannah,Weaver,savannah.weaver@example.com,234-567-8901
113,Brayden,May,brayden.may@example.com,345-678-9012
114,Alexis,York,alexis.york@example.com,456-789-0123
115,Angel,Whitney,angel.whitney@example.com,567-890-1234
116,Alice,Boyd,alice.boyd@example.com,678-901-2345
117,Colton,Newton,colton.newton@example.com,789-012-3456
118,Harper,Byrd,harper.byrd@example.com,890-123-4567
119,Connor,Hardy,connor.hardy@example.com,901-234-5678
120,Leah,Mercado,leah.mercado@example.com,012-345-6789
121,Michaela,Valdez,michaela.valdez@example.com,123-456-7890
122,William,Benton,william.benton@example.com,234-567-8901
123,Khloe,York,khloe.york@example.com,345-678-9012
124,Grayson,Franklin,grayson.franklin@example.com,456-789-0123
125,Layla,Valencia,layla.valencia@example.com,567-890-1234
126,Owen Maria,Sharp,owen.sharp@example.com,678-901-2345
127,Skylar,Gross,skylar.gross@example.com,789-012-3456
128,Katherine,Christensen,katherine.christensen@example.com,890-123-4567
129,Adam,Griffin,adam.griffin@example.com,901-234-5678
130,Rebecca,Cross,rebecca.cross@example.com,012-345-6789
131,Adrian,Bowers,adrian.bowers@example.com,123-456-7890
132,Amelia,Burton,amelia.burton@example.com,234-567-8901
133,Brody,Melton,brody.melton@example.com,345-678-9012
134,Kaylee,West,kaylee.west@example.com,456-789-0123
